A MADHURI,Female,Lifestyle Accessory Design,2006,Married,Gandhi Nagar,Delhi,PGDPD,Ideo,Textile Design,Hindi
APARNA KAUISHAL,Female,Animation Film Design,2004,Married,Paldi,Delhi,GDPD,Frog,Communication Design,Hindi
DINAZ  KALWACHWALA,Female,Film and Video Communication,1978,Married,Paldi,Delhi,GDPD,Microsoft,Communication Design,Hindi
HIMADRI  GHOSH,Male,Textile Design,1973,Married,Paldi,Delhi,PGP,Honeywell,Textile Design,Hindi
KAVITA A,Female,Film and Video Communication,2001,Married,Paldi,Bangalore,GDPD,Google,Communication Design,Kannada	
LATIKA BALI,Female,Ceramic and Glass Design,1988,Married,Paldi,Bangalore,GDPD,Cisco,Industrial Design,Kannada	
"LUDGER  D,SOUZA",Male,Furniture and Interior Design,1987,Married,Paldi,Bangalore,GDPD,Hindustan Unilever,Industrial Design,Kannada	
ROY DUTTA,Male,Product Design,1992,Married,Paldi,Bangalore,GDPD,GODREJ INDUSTRIES,Industrial Design,Kannada	
ROY JHUMUR,Male,Animation Film Design,2001,Married,Paldi,Bangalore,GDPD,GE HEALTHCARE,Communication Design,Kannada	
SHANOO BHATIA,Female,Graphic Design,1993,Married,Paldi,Hyderabad,GDPD,HP LABS,Communication Design,Telugu
SHWETAL BHATT,Female,Furniture and Interior Design,2000,Married,Paldi,Hyderabad,AEP,NOKIA RESEARCH INDIA,Industrial Design,Telugu
SUJATA GUHA,Female,Graphic Design,1984,Married,Paldi,Hyderabad,GDPD,THE TIMES OF INDIA,Communication Design,Telugu
SUNIL C J,Male,Furniture and Interior Design,1997,Married,Paldi,Hyderabad,GDPD,J.P.MORGAN,Industrial Design,Telugu
THAKURTA GUHA,Female,Graphic Design,2003,Married,Paldi,Chennai,GDPD,GLAXOSMITHKLINE,Communication Design,Tamil
aayush  makharia ,Male,Product Design,1990,Married,Paldi,Chennai,SLPEP,MARUTI SUZUKI INDIA,Industrial Design,Tamil
ABHISHEK Dwivedi,Male,Strategic Design Management,2010,Unmarried,Gandhi Nagar,Chennai,PG,RENAULT INDIA,Interdisciplinary Design,Tamil
ajay Tiwari,Male,Transportation and Automobile Design,2011,Unmarried,Gandhi Nagar,Chennai,PG,LG ELECTRONICS,Industrial Design,Tamil
AJOY DAVID,Male,Exhibition Design,1985,Married,Paldi,Mumbai,GDPD,WELSPUN,Communication Design,Marathi
akshay koranne,Male,Design for Retail Experience ,2011,Unmarried,Bangalore,Mumbai,PG,MADURA GARMENTS,Interdisciplinary Design,Marathi
Alka Bakshi,Female,Toy and Game Design,1960,Married,Gandhi Nagar,Mumbai,PG,Ideo,Industrial Design,Marathi
AMIT BAIDYA,Male,Film and Video Communication,2007,Unmarried,Paldi,Mumbai,PGDPD,Frog,Communication Design,Marathi
amit sheokand,Male,Photography Design,2010,Unmarried,Paldi,Mumbai,PG,Microsoft,Communication Design,Marathi
ANAND HINGNE,Male,Product Design,2000,Married,Paldi,Kolkata,AEP,Honeywell,Industrial Design,Bengali
ANJALI GONSALVES,Female,Exhibition Design,1992,Married,Paldi,Kolkata,GDPD,Google,Communication Design,Bengali
Anju Gupta,Male,Strategic Design Management,2009,Unmarried,Gandhi Nagar,Kolkata,PG,Cisco,Interdisciplinary Design,Bengali
Anju Pawar,Male,Ceramic and Glass Design,1996,Married,Paldi,Kolkata,PG,Hindustan Unilever,Industrial Design,Bengali
ANUPAMA BOSE,Female,Textile Design,1995,Unmarried,Paldi,Kolkata,GDPD,GODREJ INDUSTRIES,Textile Design,Bengali
Anuya Naik,Female,Lifestyle Accessory Design,2005,Married,Gandhi Nagar,Lucknow,PG,GE HEALTHCARE,Textile Design,Hindi
Arti Mohan,Female,Design for Digital Experience,2010,Unmarried,Bangalore,Lucknow,PGDPD,HP LABS,I.T. Integrated Design,Hindi
ASHISH VERMA,Male,Photography Design,2010,Unmarried,Paldi,Lucknow,PG,NOKIA RESEARCH INDIA,Communication Design,Hindi
AVINASH RAJ,Male,Software Users Interface Design,2006,Married,Gandhi Nagar,Lucknow,PGDPD,THE TIMES OF INDIA,Communication Design,Hindi
AYAN GHOSH,Male,New Media Design,2007,Unmarried,Gandhi Nagar,Lucknow,PGDPD,J.P.MORGAN,I.T. Integrated Design,Hindi
BABU  GEORGE,Male,Product Design,1999,Married,Paldi,Pune,AEP,GLAXOSMITHKLINE,Industrial Design,Marathi
BINDU JAIN,Female,Textile Design,1984,Married,Paldi,Pune,GDPD,MARUTI SUZUKI INDIA,Textile Design,Marathi
Debasish Biswas,Male,Design for Retail Experience ,2012,Unmarried,Bangalore,Pune,PG,RENAULT INDIA,Interdisciplinary Design,Marathi
DEEPA CHALKE,Female,Apparel Design and Merchandising,2002,Married,Paldi,Pune,GDPD,LG ELECTRONICS,Textile Design,Marathi
DEVESH  JAGTRAM,Male,Design for Digital Experience,2007,Unmarried,Bangalore,Pune,PGDPD,WELSPUN,I.T. Integrated Design,Marathi
DHAVAL  JOSHI,Male,Software Users Interface Design,2007,Unmarried,Gandhi Nagar,Jaipur,PGDPD,MADURA GARMENTS,Communication Design,Rajasthani
Divyasha Sharma,Female,Product Design,2012,Unmarried,Paldi,Jaipur,PG,Ideo,Industrial Design,Rajasthani
ENAKSHI  GHOSH,Female,Textile Design,2001,Married,Paldi,Jaipur,GDPD,Frog,Textile Design,Rajasthani
Gautam Madhavan Nair,Male,Transportation and Automobile Design,2009,Unmarried,Gandhi Nagar,Jaipur,PG,Microsoft,Industrial Design,Rajasthani
GAUTAM NAIDU,Male,Design for Digital Experience,2009,Unmarried,Bangalore,Jaipur,PGDPD,Honeywell,I.T. Integrated Design,Rajasthani
GIRISH  DALVI,Male,New Media Design,2007,Unmarried,Gandhi Nagar,Ahmedabad,PGDPD,Google,I.T. Integrated Design,Gujarathi
GOPAL MEENA,Male,Design for Retail Experience,2009,Unmarried,Bangalore,Ahmedabad,PGDPD,Cisco,Interdisciplinary Design,Gujarathi
GURUPRASAD S,Male,Strategic Design Management,2008,Unmarried,Gandhi Nagar,Ahmedabad,PG,Hindustan Unilever,Interdisciplinary Design,Gujarathi
HARAKARAN  GREWAL,Male,Furniture and Interior Design,1993,Married,Paldi,Ahmedabad,GDPD,GODREJ INDUSTRIES,Industrial Design,Gujarathi
HITESH DESAI,Male,Exhibition Design,2005,Married,Paldi,Ahmedabad,GDPD,GE HEALTHCARE,Communication Design,Gujarathi
jasjit  Johal,Male,Ceramic and Glass Design,2010,Unmarried,Paldi,Bhopal,PG,HP LABS,Industrial Design,
Jaya Kanwar,Male,New Media Design,2004,Married,Gandhi Nagar,Bhopal,PGDPD,NOKIA RESEARCH INDIA,I.T. Integrated Design,Hindi
JUHIE  GUPTA ,Female,Exhibition Design,2007,Unmarried,Paldi,Bhopal,GDPD,THE TIMES OF INDIA,Communication Design,Hindi
Kanaka Ananth,Female,Toy and Game Design,2002,Married,Gandhi Nagar,Bhopal,PG,J.P.MORGAN,Industrial Design,Hindi
KOEL BASU,Female,Lifestyle Accessory Design,2009,Unmarried,Gandhi Nagar,Bhopal,PGDPD,GLAXOSMITHKLINE,Textile Design,Hindi
KRISHNA  A S,Male,Animation Film Design,1998,Married,Paldi,Trivandrum,GDPD,MARUTI SUZUKI INDIA,Communication Design,Malyalam
krishna mohan,Male,Design for Retail Experience ,2010,Unmarried,Bangalore,Trivandrum,PG,RENAULT INDIA,Interdisciplinary Design,Malyalam
Kshipra Joshi,Female,Information and Interface Design,2007,Unmarried,Bangalore,Trivandrum,PGDPD,LG ELECTRONICS,Communication Design,Malyalam
Kunaal dudeja,Male,Strategic Design Management,2011,Unmarried,Gandhi Nagar,Trivandrum,PG,WELSPUN,Interdisciplinary Design,Malyalam
LAKESH OSWAL,Male,Toy and Game Design,2005,Married,Gandhi Nagar,Trivandrum,PG,MADURA GARMENTS,Industrial Design,Malyalam
LISA LEE,Female,Graphic Design,2009,Unmarried,Paldi,Bhubaneswar,GDPD,Ideo,Communication Design,Oriya
mahesh asodariya,Male,Software Users Interface Design,2008,Unmarried,Gandhi Nagar,Bhubaneswar,PGDPD,Frog,Communication Design,Oriya
MALHAR SALIL,Male,Film and Video Communication,2010,Unmarried,Paldi,Bhubaneswar,UG,Microsoft,Communication Design,Oriya
MAMTA  CHOPRA,Female,Apparel Design and Merchandising,1993,Married,Paldi,Bhubaneswar,AEP,Honeywell,Textile Design,Oriya
MANDAKINI MENON,Female,Film and Video Communication,2008,Unmarried,Paldi,Bhubaneswar,GDPD,Google,Communication Design,Oriya
Manipal Singh,Male,Photography Design,2009,Unmarried,Paldi,Ranchi,,Cisco,Communication Design,Bihari
MANSEE  BADVE,Female,Textile Design,2004,Married,Paldi,Ranchi,GDPD,Hindustan Unilever,Textile Design,Bihari
Marion Chan Ksing,Female,Textile Design,2007,Married,Paldi,Ranchi,GDPD,GODREJ INDUSTRIES,Textile Design,Bihari
MAYANK chauhan,Male,Design for Retail Experience,2009,Unmarried,Bangalore,Ranchi,PG,GE HEALTHCARE,Interdisciplinary Design,Bihari
MOHD. FIROZ,Male,Apparel Design and Merchandising,2004,Married,Paldi,Ranchi,GDPD,HP LABS,Textile Design,Bihari
mouli nath,Male,Information and Interface Design,2008,Unmarried,Bangalore,Patna,PGDPD,NOKIA RESEARCH INDIA,Communication Design,Bihari
NANDINI  GANDHI,Female,Graphic Design,1979,Married,Paldi,Patna,GDPD,THE TIMES OF INDIA,Communication Design,Bihari
Neha Malhotra,Female,Photography Design,2011,Unmarried,Paldi,Patna,,J.P.MORGAN,Communication Design,Bihari
NIHAL PETERS,Male,Apparel Design and Merchandising,2006,Unmarried,Gandhi Nagar,Patna,PGDPD,GLAXOSMITHKLINE,Textile Design,Bihari
NIJOO DUBEY,Female,Furniture and Interior Design,2007,Married,Paldi,Patna,GDPD,MARUTI SUZUKI INDIA,Industrial Design,Bihari
NIKHIL SHARMA,Male,Transportation and Automobile Design,2010,Unmarried,Gandhi Nagar,Guwahati,PG,RENAULT INDIA,Industrial Design,Bihari
P DALWADI,Male,Photography Design,1969,Married,Paldi,Guwahati,PGP,LG ELECTRONICS,Communication Design,Assamese
PIA DAING,Female,Ceramic and Glass Design,2007,Unmarried,Paldi,Guwahati,PGDPD,WELSPUN,Industrial Design,Assamese
PRABUDDHA VYAS,Male,Design for Digital Experience,2009,Unmarried,Bangalore,Guwahati,PGDPD,MADURA GARMENTS,I.T. Integrated Design,Assamese
Pranali Khachane,Female,Information and Interface Design,2009,Unmarried,Bangalore,Guwahati,PGDPD,Ideo,Communication Design,Assamese
PRAVEEN K ,Male,Toy and Game Design,2007,Unmarried,Gandhi Nagar,Amritsar,PGDPD,Frog,Industrial Design,Hindi
PRIYANKAR GUPTA,Male,Animation Film Design,2007,Unmarried,Paldi,Amritsar,GDPD,Microsoft,Communication Design,Hindi
Promila Roychoudhury,Female,New Media Design,2011,Unmarried,Gandhi Nagar,Amritsar,PGDPD,Honeywell,I.T. Integrated Design,Hindi
raghu singh,Male,Information and Interface Design,1990,Married,Bangalore,Amritsar,PGDPD,Google,Communication Design,Hindi
Ramprakash R,Male,Software Users Interface Design,2009,Unmarried,Gandhi Nagar,Amritsar,PGDPD,Cisco,Communication Design,Hindi
RIAZUDDIN  KHAN ,Male,Ceramic and Glass Design,1992,Married,Paldi,Chandigarh,GDPD,Hindustan Unilever,Industrial Design,Punjabi
Robert Shah,Male,Graphic Design,1995,Married,Paldi,Chandigarh,GDPD,GODREJ INDUSTRIES,Communication Design,Punjabi
Sambit Kumar,Male,Lifestyle Accessory Design,2010,Unmarried,Gandhi Nagar,Chandigarh,PGDPD,GE HEALTHCARE,Textile Design,Punjabi
Sanjay  Kumar,Male,Lifestyle Accessory Design,2011,Unmarried,Gandhi Nagar,Chandigarh,PGDPD,HP LABS,Textile Design,Punjabi
SANTANU BAGCHI,Male,Film and Video Communication,1994,Married,Paldi,Chandigarh,GDPD,NOKIA RESEARCH INDIA,Communication Design,Punjabi
shikha balakrishnan,Female,Strategic Design Management,2007,Unmarried,Gandhi Nagar,Mysore,PG,THE TIMES OF INDIA,Interdisciplinary Design,Kannada	
SHILPA SHARMA,Female,Toy and Game Design,2007,Unmarried,Gandhi Nagar,Mysore,PG,J.P.MORGAN,Industrial Design,Kannada	
Shveta Verma,Female,Software Users Interface Design,2005,Married,Gandhi Nagar,Mysore,PGDPD,GLAXOSMITHKLINE,Communication Design,Kannada	
sudarshan rathod,Male,Transportation and Automobile Design,2011,Unmarried,Gandhi Nagar,Mysore,PG,MARUTI SUZUKI INDIA,Industrial Design,Kannada	
Sures Kumar TS,Male,New Media Design,2011,Unmarried,Gandhi Nagar,Mysore,PGDPD,RENAULT INDIA,I.T. Integrated Design,Kannada	
SUSANTH C S ,Male,Furniture and Interior Design,1999,Married,Paldi,Coimbatore,GDPD,LG ELECTRONICS,Industrial Design,Tamil
unnati saraf,Female,Lifestyle Accessory Design,2010,Unmarried,Gandhi Nagar,Coimbatore,PGDPD,WELSPUN,Textile Design,Tamil
Vaibhav Bhardwaj,Male,Strategic Design Management,2009,Unmarried,Gandhi Nagar,Coimbatore,PG,MADURA GARMENTS,Interdisciplinary Design,Tamil
Vaidehi Vishwasrao,Female,Design for Digital Experience,2009,Unmarried,Bangalore,Coimbatore,PG,Ideo,I.T. Integrated Design,Tamil
VASU  DIXIT,Male,Film and Video Communication,2007,Unmarried,Paldi,Coimbatore,PGDPD,Frog,Communication Design,Tamil
VENKATA KARAKA ,Male,Ceramic and Glass Design,2000,Married,Paldi,Vizag,AEP,Microsoft,Industrial Design,Telugu
vikram managoli,Male,Information and Interface Design,2011,Unmarried,Bangalore,Vizag,PGDPD,Honeywell,Communication Design,Telugu
VINITA  KATARIA,Female,Transportation and Automobile Design,1997,Married,Paldi,Vizag,GDPD,Google,Industrial Design,Telugu
Vivek  Sheth,Male,Exhibition Design,2010,Unmarried,Paldi,Srinagar,UG,Cisco,Communication Design,Kashmiri
VIVEK SHAH,Male,Apparel Design and Merchandising,2008,Unmarried,Gandhi Nagar,Srinagar,PGDPD,Hindustan Unilever,Textile Design,Kashmiri
wasim saiyed,Male,Animation Film Design,2006,Unmarried,Paldi,Srinagar,UG,GODREJ INDUSTRIES,Communication Design,Kashmiri
